{
    "Training Accuracy": 0.991701244813278,
    "Testing Accuracy": 0.7540983606557377,
    "Precision": 0.7647058823529411,
    "Recall": 0.7878787878787878,
    "F1 Score": 0.7761194029850745
}